,스마트가로등유형,시도명,시군구명,도로명,소재지도로명주소,소재지지번주소,위도,경도,스마트가로등형태,점등상태여부,센서종류,센싱정보서비스,CCTV유무,WiFi유무,GPS수신기유무,비콘유무,조명제어여부,위급상황신고가능여부,앱서비스명,앱서비스제공내용,기타서비스,설치연도,관리기관명,관리기관전화번호,데이터기준일자,제공기관코드,제공기관명
1327,1,부산광역시,서구,고신의료원∼ 송도해수욕장입구( 477724 ),,부산광역시 서구 암남동 69-2,35.080189,129.017125,03,Y,해당없음, ,N,N,Y,N,Y,Y,,,,,부산광역시 서구청,051-240-4672,2020-10-22,3260000,부산광역시 서구
1328,1,부산광역시,서구,고신의료원∼ 동양시멘트간( 477724 ),,부산광역시 서구 암남동 34-4,35.081452,129.015475,03,Y,해당없음, ,N,N,Y,N,Y,Y,,,,,부산광역시 서구청,051-240-4672,2020-10-22,3260000,부산광역시 서구
1802,3,부산광역시,서구,송도곡각지 육교( TH141182531 ),,부산광역시 서구 암남동 219-6,35.078828,129.018595,03,Y,해당없음, ,N,N,Y,N,Y,Y,,,,,부산광역시 서구청,051-240-4672,2020-10-22,3260000,부산광역시 서구
3021,1,부산광역시,서구,충무쇼핑~천마로간,부산광역시 서구 천마로 200-2,부산 서구 충무동3가 7-9,35.093393,129.022057,03,Y,해당없음, ,N,N,Y,N,Y,Y,,,,,부산광역시 서구청,051-240-4672,2020-10-22,3260000,부산광역시 서구
3022,1,부산광역시,서구,보건소 ∼ 부용R간( KH141202188  ),,부산광역시 서구 서대신동1가 33-2,35.107714,129.018803,03,Y,해당없음, ,N,N,Y,N,Y,Y,,,,,부산광역시 서구청,051-240-4672,2020-10-22,3260000,부산광역시 서구
3023,1,부산광역시,서구,서대신1동 연성맨션진입로(3047211),,부산광역시 서구 서대신동2가 510-26,35.108497,129.011301,03,Y,해당없음, ,N,N,Y,N,Y,Y,,,,,부산광역시 서구청,051-240-4672,2020-10-22,3260000,부산광역시 서구
3024,1,부산광역시,서구,부산대학병원 뒷길( 8117099),,부산광역시 서구 아미동2가 45-1,35.101279,129.017483,03,Y,해당없음, ,N,N,Y,N,Y,Y,,,,,부산광역시 서구청,051-240-4672,2020-10-22,3260000,부산광역시 서구
3025,1,부산광역시,서구,동아대 부민캠퍼스주변(임시수도),,부산광역시 서구 부민동3가 36-1,35.103343,129.017743,03,Y,해당없음, ,N,N,Y,N,Y,Y,,,,,부산광역시 서구청,051-240-4672,2020-10-22,3260000,부산광역시 서구
3026,1,부산광역시,서구,송도암남어항내,,부산광역시 서구 암남동 135-10,35.070589,129.019075,03,Y,해당없음, ,N,N,Y,N,Y,Y,,,,,부산광역시 서구청,051-240-4672,2020-10-22,3260000,부산광역시 서구
3027,1,부산광역시,서구,덕수빌라,,부산광역시 서구 암남동 388-4,35.078357,129.014384,03,Y,해당없음, ,N,N,Y,N,Y,Y,,,,,부산광역시 서구청,051-240-4672,2020-10-22,3260000,부산광역시 서구
3028,1,부산광역시,서구,7구역 대우푸르지오정문,부산광역시 서구 고운들로 86,부산 서구 서대신동1가 88-5,35.107772,129.016741,03,Y,해당없음, ,N,N,Y,N,Y,Y,,,,,부산광역시 서구청,051-240-4672,2020-10-22,3260000,부산광역시 서구
3029,1,부산광역시,서구,7구역 대우푸르지오후문,,부산광역시 서구 서대신동1가 287,35.108063636,129.013095349,03,Y,해당없음, ,N,N,Y,N,Y,Y,,,,,부산광역시 서구청,051-240-4672,2020-10-22,3260000,부산광역시 서구
3050,1,부산광역시,서구,남항대교 접속도로 우측( 1162571 ),,부산광역시 서구 암남동 123-34,35.079147,129.023489,03,Y,해당없음, ,N,N,Y,N,Y,Y,,,,,부산광역시 서구청,051-240-4672,2020-10-22,3260000,부산광역시 서구
3051,1,부산광역시,서구,남항대교 해안도로 매립측( TH141258407 ),,부산광역시 서구 암남동 123-45,35.076573,129.024305,03,Y,해당없음, ,N,N,Y,N,Y,Y,,,,,부산광역시 서구청,051-240-4672,2020-10-22,3260000,부산광역시 서구
3052,1,부산광역시,서구,남항대교 해안도로 해변측( 159번 배전함 ),,부산광역시 서구 암남동 123-23,35.076503,129.024538,03,Y,해당없음, ,N,N,Y,N,Y,Y,,,,,부산광역시 서구청,051-240-4672,2020-10-22,3260000,부산광역시 서구
3053,1,부산광역시,서구,남항방파제 입구~대성주유소 뒤,,부산광역시 서구 남부민동 523-77,35.081643,129.025131,03,Y,해당없음, ,N,N,Y,N,Y,Y,,,,,부산광역시 서구청,051-240-4672,2020-10-22,3260000,부산광역시 서구
3054,1,부산광역시,서구,송도해수욕장 2화장실( KH141203167 ),,부산광역시 서구 암남동 135-7,35.073866,129.016264,03,Y,해당없음, ,N,N,Y,N,Y,Y,,,,,부산광역시 서구청,051-240-4672,2020-10-22,3260000,부산광역시 서구
3055,1,부산광역시,서구,해변횟집∼ 푸른횟집간( 7093851 ),,부산광역시 서구 암남동 589-3,35.071872,129.017164,03,Y,해당없음, ,N,N,Y,N,Y,Y,,,,,부산광역시 서구청,051-240-4672,2020-10-22,3260000,부산광역시 서구
3056,1,부산광역시,서구,거북교 앞( 1035354 ),,부산광역시 서구 암남동 135-16,35.077042,129.021581,03,Y,해당없음, ,N,N,Y,N,Y,Y,,,,,부산광역시 서구청,051-240-4672,2020-10-22,3260000,부산광역시 서구
3057,1,부산광역시,서구,남항대교 입구 ∼ 송림공원 입구( KH141195790 ),,부산광역시 서구 암남동 123-16,35.077648,129.023043,03,Y,해당없음, ,N,N,Y,N,Y,Y,,,,,부산광역시 서구청,051-240-4672,2020-10-22,3260000,부산광역시 서구
3058,1,부산광역시,서구,송도해수욕장 중앙광장해변( 1078460 ),,부산광역시 서구 암남동 135-6,35.076582,129.017515,03,Y,해당없음, ,N,N,Y,N,Y,Y,,,,,부산광역시 서구청,051-240-4672,2020-10-22,3260000,부산광역시 서구
3059,1,부산광역시,서구,감천로∼마리아영아원( ),,부산광역시 서구 암남동 5-10,35.083652,129.013577,03,Y,해당없음, ,N,N,Y,N,Y,Y,,,,,부산광역시 서구청,051-240-4672,2020-10-22,3260000,부산광역시 서구
3060,1,부산광역시,서구,천마산 도로개설,,부산광역시 서구 암남동 2-45,35.084466,129.012902,03,Y,해당없음, ,N,N,Y,N,Y,Y,,,,,부산광역시 서구청,051-240-4672,2020-10-22,3260000,부산광역시 서구
3061,1,부산광역시,서구,화랑초등학교∼ 대신상가간(1199790),,부산광역시 서구 동대신동1가 230-2,35.108733,129.020085,03,Y,해당없음, ,N,N,Y,N,Y,Y,,,,,부산광역시 서구청,051-240-4672,2020-10-22,3260000,부산광역시 서구
3062,1,부산광역시,서구,화랑초등학교∼ 부산은행간(4242775),,부산광역시 서구 동대신동1가 314,35.109209,129.021631,03,Y,해당없음, ,N,N,Y,N,Y,Y,,,,,부산광역시 서구청,051-240-4672,2020-10-22,3260000,부산광역시 서구
3063,1,부산광역시,서구,부산은행∼ 동신초등학교간( LG141022046 ),,부산광역시 서구 동대신동2가 283-2,35.111666,129.020326,03,Y,해당없음, ,N,N,Y,N,Y,Y,,,,,부산광역시 서구청,051-240-4672,2020-10-22,3260000,부산광역시 서구
3064,1,부산광역시,서구,삼익아파트 진입로( 7575712 ),부산광역시 서구 구덕로296번길 6,부산 서구 동대신동2가 428-5,35.110561,129.018084,03,Y,해당없음, ,N,N,Y,N,Y,Y,,,,,부산광역시 서구청,051-240-4672,2020-10-22,3260000,부산광역시 서구
3065,1,부산광역시,서구,삼익아파트∼ 동대3동사간( 1138088 ),,부산광역시 서구 동대신동3가 329-2,35.114255,129.017268,03,Y,해당없음, ,N,N,Y,N,Y,Y,,,,,부산광역시 서구청,051-240-4672,2020-10-22,3260000,부산광역시 서구
3066,1,부산광역시,서구,동아대 부속병원 진입로( 1171734 ),부산광역시 서구 대신공원로 15-1,부산 서구 동대신동3가 13-11,35.119345,129.016173,03,Y,해당없음, ,N,N,Y,N,Y,Y,,,,,부산광역시 서구청,051-240-4672,2020-10-22,3260000,부산광역시 서구
3067,1,부산광역시,서구,대도카메라∼ 보건소 입구( 571050 ),부산광역시 서구 부용로 18,부산 서구 서대신동1가 100,35.108219,129.017283,03,Y,해당없음, ,N,N,Y,N,Y,Y,,,,,부산광역시 서구청,051-240-4672,2020-10-22,3260000,부산광역시 서구
3068,1,부산광역시,서구,부민 e-편한세상 옆도로,부산광역시 서구 해돋이로 303,부산 서구 부민동3가 8-520,35.103422,129.016361,03,Y,해당없음, ,N,N,Y,N,Y,Y,,,,,부산광역시 서구청,051-240-4672,2020-10-22,3260000,부산광역시 서구
3069,1,부산광역시,서구,법원 뒷길( 0330046 ),,부산광역시 서구 부용동2가 100,35.105882,129.018202,03,Y,해당없음, ,N,N,Y,N,Y,Y,,,,,부산광역시 서구청,051-240-4672,2020-10-22,3260000,부산광역시 서구
3070,1,부산광역시,서구,토성동 동사무소∼ 충무동노상주차장간( 0 3 7 8 4 7 3 ),,부산광역시 서구 토성동4가 35,35.098014,129.024278,03,Y,해당없음, ,N,N,Y,N,Y,Y,,,,,부산광역시 서구청,051-240-4672,2020-10-22,3260000,부산광역시 서구
3071,1,부산광역시,서구,토성동 ∼ 한전간( 1070989 ),,부산광역시 서구 토성동5가 59-1,35.097598,129.022605,03,Y,해당없음, ,N,N,Y,N,Y,Y,,,,,부산광역시 서구청,051-240-4672,2020-10-22,3260000,부산광역시 서구
3072,1,부산광역시,서구,예비군훈련장입구,,부산광역시 서구 암남동 산 55,35.077899,129.011742,03,Y,해당없음, ,N,N,Y,N,Y,Y,,,,,부산광역시 서구청,051-240-4672,2020-10-22,3260000,부산광역시 서구
3073,1,부산광역시,서구,송도아랫길새벽시장( TH141167216 ),,부산광역시 서구 남부민동 682,35.093367,129.025087,03,Y,해당없음, ,N,N,Y,N,Y,Y,,,,,부산광역시 서구청,051-240-4672,2020-10-22,3260000,부산광역시 서구
3074,1,부산광역시,서구,완월동 입구( 9004333 ),부산광역시 서구 천마로 221-1,부산 서구 충무동2가 25-1,35.095447,129.022257,03,Y,해당없음, ,N,N,Y,N,Y,Y,,,,,부산광역시 서구청,051-240-4672,2020-10-22,3260000,부산광역시 서구
3075,1,부산광역시,서구,동아대병원∼망양로간( PS141090066 ),부산광역시 서구 동대로 14,부산 서구 동대신동3가 37-18,35.119257,129.017596,03,Y,해당없음, ,N,N,Y,N,Y,Y,,,,,부산광역시 서구청,051-240-4672,2020-10-22,3260000,부산광역시 서구
3076,1,부산광역시,서구,암남동 금강타워 뒷길( 0 6 3 9 9 3 4 ),,부산광역시 서구 암남동 34-7,35.081327,129.012645,03,Y,해당없음, ,N,N,Y,N,Y,Y,,,,,부산광역시 서구청,051-240-4672,2020-10-22,3260000,부산광역시 서구
3077,1,부산광역시,서구,송도혜성비치타운진입도로(  ),부산광역시 서구 장군산로 47-15,부산 서구 암남동 600-5,35.072091,129.015731,03,Y,해당없음, ,N,N,Y,N,Y,Y,,,,,부산광역시 서구청,051-240-4672,2020-10-22,3260000,부산광역시 서구
3078,1,부산광역시,서구,아미∼ 대티간 산복도로( 1146780 ),,부산광역시 서구 서대신동1가 283,35.107148,129.015654,03,Y,해당없음, ,N,N,Y,N,Y,Y,,,,,부산광역시 서구청,051-240-4672,2020-10-22,3260000,부산광역시 서구
3079,1,부산광역시,서구,아미∼ 대티간 산복도로( 1 1 7 9 7 9 2 ),,부산광역시 서구 부민동3가 22-43,35.102759,129.016834,03,Y,해당없음, ,N,N,Y,N,Y,Y,,,,,부산광역시 서구청,051-240-4672,2020-10-22,3260000,부산광역시 서구
3080,1,부산광역시,서구,아미2파출소∼ 초장산복도로입구( LG150288074 ),부산광역시 서구 해돋이로 207,부산 서구 초장동 65-280,35.095525,129.018484,03,Y,해당없음, ,N,N,Y,N,Y,Y,,,,,부산광역시 서구청,051-240-4672,2020-10-22,3260000,부산광역시 서구
3081,1,부산광역시,서구,남부민동 도개공 아파트,,부산광역시 서구 남부민동 708,35.083032,129.019702,03,Y,해당없음, ,N,N,Y,N,Y,Y,,,,,부산광역시 서구청,051-240-4672,2020-10-22,3260000,부산광역시 서구
3082,1,부산광역시,서구,초장동 산복도로∼ 동천주택간( LG150288063 ),부산광역시 서구 해돋이로 128-1,부산 서구 남부민동 88-22,35.090112,129.021699,03,Y,해당없음, ,N,N,Y,N,Y,Y,,,,,부산광역시 서구청,051-240-4672,2020-10-22,3260000,부산광역시 서구
3083,1,부산광역시,서구,해강아동관∼ 35번버스종점간( LG150288063 ),,부산광역시 서구 남부민동 429-100,35.083494,129.018022,03,Y,해당없음, ,N,N,Y,N,Y,Y,,,,,부산광역시 서구청,051-240-4672,2020-10-22,3260000,부산광역시 서구
3084,1,부산광역시,서구,아미파출소앞 ~ 초장중학교,,부산광역시 서구 아미동2가 81-74,35.098219,129.016666,03,Y,해당없음, ,N,N,Y,N,Y,Y,,,,,부산광역시 서구청,051-240-4672,2020-10-22,3260000,부산광역시 서구
3085,1,부산광역시,서구,대청공원∼ 한국빌리간(1271813),,부산광역시 서구 동대신동2가 1-196,35.114439,129.025815,03,Y,해당없음, ,N,N,Y,N,Y,Y,,,,,부산광역시 서구청,051-240-4672,2020-10-22,3260000,부산광역시 서구
3086,1,부산광역시,서구,한국빌라∼ 영산맨션간(386988),,부산광역시 서구 동대신동2가 3-1,35.116136,129.022807,03,Y,해당없음, ,N,N,Y,N,Y,Y,,,,,부산광역시 서구청,051-240-4672,2020-10-22,3260000,부산광역시 서구
3087,1,부산광역시,서구,대티고개∼ 광성공고간( 383136 ),부산광역시 서구 시약로 15,부산 서구 서대신동3가 703-53,35.111084,129.008916,03,Y,해당없음, ,N,N,Y,N,Y,Y,,,,,부산광역시 서구청,051-240-4672,2020-10-22,3260000,부산광역시 서구
3088,1,부산광역시,서구,남성한빛∼ 부산신학교간( 1106878 ),,부산광역시 서구 서대신동3가 167-7,35.117264,129.009633,03,Y,해당없음, ,N,N,Y,N,Y,Y,,,,,부산광역시 서구청,051-240-4672,2020-10-22,3260000,부산광역시 서구
3089,1,부산광역시,서구,민방위교육장∼ 꽃마을간( 0230435 ),,부산광역시 서구 서대신동3가 산 18-1,35.121219,129.008598,03,Y,해당없음, ,N,N,Y,N,Y,Y,,,,,부산광역시 서구청,051-240-4672,2020-10-22,3260000,부산광역시 서구
3090,1,부산광역시,서구,구덕운동장∼ 민방위교육장간( 1197069 ),,부산광역시 서구 서대신동3가 769-3,35.118285,129.012011,03,Y,해당없음, ,N,N,Y,N,Y,Y,,,,,부산광역시 서구청,051-240-4672,2020-10-22,3260000,부산광역시 서구
3091,1,부산광역시,서구,서대6지구 꽃마을(KH140921687),,부산광역시 서구 서대신동3가 7-5,35.127739,129.007226,03,Y,해당없음, ,N,N,Y,N,Y,Y,,,,,부산광역시 서구청,051-240-4672,2020-10-22,3260000,부산광역시 서구
3092,1,부산광역시,서구,서대3동 계성여중 뒤( SC141511833 ),,부산광역시 서구 서대신동3가 162-8,35.118295,129.011735,03,Y,해당없음, ,N,N,Y,N,Y,Y,,,,,부산광역시 서구청,051-240-4672,2020-10-22,3260000,부산광역시 서구
3093,1,부산광역시,서구,내원정사,,부산광역시 서구 서대신동3가 6-32,35.127584,129.009555,03,Y,해당없음, ,N,N,Y,N,Y,Y,,,,,부산광역시 서구청,051-240-4672,2020-10-22,3260000,부산광역시 서구
3094,1,부산광역시,서구,구덕운동장 뒷편( KH14046605 ),,부산광역시 서구 서대신동3가 210-1,35.115348,129.015697,03,Y,해당없음, ,N,N,Y,N,Y,Y,,,,,부산광역시 서구청,051-240-4672,2020-10-22,3260000,부산광역시 서구
3095,1,부산광역시,서구,구덕운동장 뒤( 1324016 ),,부산광역시 서구 서대신동3가 92,35.117483,129.014309,03,Y,해당없음, ,N,N,Y,N,Y,Y,,,,,부산광역시 서구청,051-240-4672,2020-10-22,3260000,부산광역시 서구
3096,1,부산광역시,서구,감천고개∼ 아미초등학교간( 1250560 ),부산광역시 서구 아미로 49,부산 서구 아미동2가 227-7,35.099837,129.012443,03,Y,해당없음, ,N,N,Y,N,Y,Y,,,,,부산광역시 서구청,051-240-4672,2020-10-22,3260000,부산광역시 서구
3097,1,부산광역시,서구,감천고개∼ 아미초등학교간( 1154081 ),부산광역시 서구 아미로 121,부산 서구 아미동2가 196-15,35.098997,129.015112,03,Y,해당없음, ,N,N,Y,N,Y,Y,,,,,부산광역시 서구청,051-240-4672,2020-10-22,3260000,부산광역시 서구
3098,1,부산광역시,서구,초장동 산복도로( 1114084 ),부산광역시 서구 초장로 20-1,부산 서구 초장동 89-221,35.094018,129.019714,03,Y,해당없음, ,N,N,Y,N,Y,Y,,,,,부산광역시 서구청,051-240-4672,2020-10-22,3260000,부산광역시 서구
3099,1,부산광역시,서구,남부민 산복도로∼ 충무동간( 1107221 ),,부산광역시 서구 초장동 89-112,35.094997,129.020625,03,Y,해당없음, ,N,N,Y,N,Y,Y,,,,,부산광역시 서구청,051-240-4672,2020-10-22,3260000,부산광역시 서구
3100,1,부산광역시,서구,남부민2동 배수지 진입로( TH141166971 ),,부산광역시 서구 남부민동 429-176,35.083935,129.017139,03,Y,해당없음, ,N,N,Y,N,Y,Y,,,,,부산광역시 서구청,051-240-4672,2020-10-22,3260000,부산광역시 서구
3101,1,부산광역시,서구,천마초등학교진입로( 165909 ),,부산광역시 서구 남부민동 434-148,35.082377409,129.018266035,03,Y,해당없음, ,N,N,Y,N,Y,Y,,,,,부산광역시 서구청,051-240-4672,2020-10-22,3260000,부산광역시 서구
3102,1,부산광역시,서구,남부민동 ∼ 아미동간 산복도로( KH141202188  ),,부산광역시 서구 남부민동 93-6,35.088448,129.021118,03,Y,해당없음, ,N,N,Y,N,Y,Y,,,,,부산광역시 서구청,051-240-4672,2020-10-22,3260000,부산광역시 서구
3103,1,부산광역시,서구,천부암 입구~용주사입구(LG141052322),,부산광역시 서구 초장동 136-185,35.092504,129.017599,03,Y,해당없음, ,N,N,Y,N,Y,Y,,,,,부산광역시 서구청,051-240-4672,2020-10-22,3260000,부산광역시 서구
3104,1,부산광역시,서구,남부민동 ∼ 아미동간 산복도로(11차),,부산광역시 서구 아미동2가 38-4,35.097273,129.016469,03,Y,해당없음, ,N,N,Y,N,Y,Y,,,,,부산광역시 서구청,051-240-4672,2020-10-22,3260000,부산광역시 서구
3105,1,부산광역시,서구,아미초등학교 뒷길,,부산광역시 서구 아미동2가 89,35.098114,129.016312,03,Y,해당없음, ,N,N,Y,N,Y,Y,,,,,부산광역시 서구청,051-240-4672,2020-10-22,3260000,부산광역시 서구
3106,1,부산광역시,서구,해원냉장앞(남부3동등대앞)( 1001096 ),부산광역시 서구 등대로 123,부산 서구 남부민동 523-37,35.084615,129.025595,03,Y,해당없음, ,N,N,Y,N,Y,Y,,,,,부산광역시 서구청,051-240-4672,2020-10-22,3260000,부산광역시 서구
3107,1,부산광역시,서구,롯데캐슬 후문,,부산광역시 서구 서대신동3가 763,35.113775,129.010875,03,Y,해당없음, ,N,N,Y,N,Y,Y,,,,,부산광역시 서구청,051-240-4672,2020-10-22,3260000,부산광역시 서구
3108,1,부산광역시,서구,롯데캐슬 정문,,부산광역시 서구 서대신동3가 763,35.115482,129.010664,03,Y,해당없음, ,N,N,Y,N,Y,Y,,,,,부산광역시 서구청,051-240-4672,2020-10-22,3260000,부산광역시 서구
3109,1,부산광역시,서구,서대신교차로~협성르네상스타운,부산광역시 서구 대티로 177,부산 서구 서대신동3가 592,35.111809,129.011945,03,Y,해당없음, ,N,N,Y,N,Y,Y,,,,,부산광역시 서구청,051-240-4672,2020-10-22,3260000,부산광역시 서구
3110,1,부산광역시,서구,서구사회복지회관 ∼ 중구 경계(KH141966030),,부산광역시 서구 동대신동1가 12-16,35.111648,129.025281,03,Y,해당없음, ,N,N,Y,N,Y,Y,,,,,부산광역시 서구청,051-240-4672,2020-10-22,3260000,부산광역시 서구
3111,1,부산광역시,서구,동대2파출소∼ 서구사회복지회관(5652113),,부산광역시 서구 동대신동2가 87-53,35.113597,129.025535,03,Y,해당없음, ,N,N,Y,N,Y,Y,,,,,부산광역시 서구청,051-240-4672,2020-10-22,3260000,부산광역시 서구
3112,1,부산광역시,서구,동대산복도구덕약국∼ 동대2파출소간(209665),,부산광역시 서구 동대신동3가 63-305,35.118597892,129.019894145,03,Y,해당없음, ,N,N,Y,N,Y,Y,,,,,부산광역시 서구청,051-240-4672,2020-10-22,3260000,부산광역시 서구
3113,1,부산광역시,서구,문화맨션∼ 맘모스제과간( 0345625 ),,부산광역시 서구 동대신동3가 156-1,35.115563,129.016897,03,Y,해당없음, ,N,N,Y,N,Y,Y,,,,,부산광역시 서구청,051-240-4672,2020-10-22,3260000,부산광역시 서구
3114,1,부산광역시,서구,경남상고∼ 서대로타리간( 476467 ),,부산광역시 서구 서대신동3가 508-6,35.112705,129.013251,03,Y,해당없음, ,N,N,Y,N,Y,Y,,,,,부산광역시 서구청,051-240-4672,2020-10-22,3260000,부산광역시 서구
3115,1,부산광역시,서구,서대로타리∼ 부화국기사간( 4127155 ),,부산광역시 서구 서대신동3가 460-1,35.111415,129.012683,03,Y,해당없음, ,N,N,Y,N,Y,Y,,,,,부산광역시 서구청,051-240-4672,2020-10-22,3260000,부산광역시 서구
3116,1,부산광역시,서구,월드컴퓨터∼ 구덕실내체육관간( 2 5 9 0 3 5 7 ),,부산광역시 서구 서대신동3가 249-31,35.114453,129.014286,03,Y,해당없음, ,N,N,Y,N,Y,Y,,,,,부산광역시 서구청,051-240-4672,2020-10-22,3260000,부산광역시 서구
3117,1,부산광역시,서구,망양로 158,,부산광역시 서구 동대신동2가 77-91,35.115429,129.023656,03,Y,해당없음, ,N,N,Y,N,Y,Y,,,,,부산광역시 서구청,051-240-4672,2020-10-22,3260000,부산광역시 서구
3118,1,부산광역시,서구,망양로 믿음약국-중앙학원( TH141391245 ),,부산광역시 서구 동대신동3가 94-1,35.117206,129.018156,03,Y,해당없음, ,N,N,Y,N,Y,Y,,,,,부산광역시 서구청,051-240-4672,2020-10-22,3260000,부산광역시 서구
3119,1,부산광역시,서구,송도해수욕장입구∼ 현대아파트간( 1170702 ),,부산광역시 서구 암남동 601-6,35.072173,129.016039,03,Y,해당없음, ,N,N,Y,N,Y,Y,,,,,부산광역시 서구청,051-240-4672,2020-10-22,3260000,부산광역시 서구
3120,1,부산광역시,서구,현대아파트∼ 혈청소해안도로간( 1187875 ),,부산광역시 서구 암남동 산 123-18,35.069755,129.019057,03,Y,해당없음, ,N,N,Y,N,Y,Y,,,,,부산광역시 서구청,051-240-4672,2020-10-22,3260000,부산광역시 서구
3121,1,부산광역시,서구,송도 혈청소 해안도로( 1170483 ),,부산광역시 서구 암남동 산 188-17,35.063363488,129.019288378,03,Y,해당없음, ,N,N,Y,N,Y,Y,,,,,부산광역시 서구청,051-240-4672,2020-10-22,3260000,부산광역시 서구
3122,1,부산광역시,서구,송도혈청소∼ 모지포간( TH141166891 ),,부산광역시 서구 암남동 620-2,35.062604,129.019047,03,Y,해당없음, ,N,N,Y,N,Y,Y,,,,,부산광역시 서구청,051-240-4672,2020-10-22,3260000,부산광역시 서구
3123,1,부산광역시,서구,혈청소∼ 모지포간( 742808 ),,부산광역시 서구 암남동 621-109,35.064025,129.014398,03,Y,해당없음, ,N,N,Y,N,Y,Y,,,,,부산광역시 서구청,051-240-4672,2020-10-22,3260000,부산광역시 서구
3124,1,부산광역시,서구,장군산 순환도로(등나무집)( PS140091606 ),,부산광역시 서구 암남동 산 87-1,35.073955,129.009449,03,Y,해당없음, ,N,N,Y,N,Y,Y,,,,,부산광역시 서구청,051-240-4672,2020-10-22,3260000,부산광역시 서구
3125,1,부산광역시,서구,장군산 순환도로(혈청소 마을측)( PS140092027 ),,부산광역시 서구 암남동 산 109,35.066897,129.012817,03,Y,해당없음, ,N,N,Y,N,Y,Y,,,,,부산광역시 서구청,051-240-4672,2020-10-22,3260000,부산광역시 서구
3126,3,부산광역시,서구,원양어업집산도로(  LG141145984 ),,부산광역시 서구 암남동 726,35.061783,129.011271,03,Y,해당없음, ,N,N,Y,N,Y,Y,,,,,부산광역시 서구청,051-240-4672,2020-10-22,3260000,부산광역시 서구
3127,1,부산광역시,서구,환경종합단지입구(대주냉장 앞)( LG141405218  ),,부산광역시 서구 암남동 660-4,35.077043,129.007478,03,Y,해당없음, ,N,N,Y,N,Y,Y,,,,,부산광역시 서구청,051-240-4672,2020-10-22,3260000,부산광역시 서구
3128,1,부산광역시,서구,해수욕장 사거리~송도 공영주차장( 1160241),,부산광역시 서구 암남동 543,35.074427,129.015425,03,Y,해당없음, ,N,N,Y,N,Y,Y,,,,,부산광역시 서구청,051-240-4672,2020-10-22,3260000,부산광역시 서구
3129,1,부산광역시,서구,감천 새고개간( 1226848 ),,부산광역시 서구 아미동2가 233-62,35.100399,129.011348,03,Y,해당없음, ,N,N,Y,N,Y,Y,,,,,부산광역시 서구청,051-240-4672,2020-10-22,3260000,부산광역시 서구
3130,1,부산광역시,서구,송도위길 유림빌라∼ 남부3파출소간( TH141182918 ),부산광역시 서구 천마로 171,부산 서구 남부민동 66-3,35.090969,129.022719,03,Y,해당없음, ,N,N,Y,N,Y,Y,,,,,부산광역시 서구청,051-240-4672,2020-10-22,3260000,부산광역시 서구
3131,1,부산광역시,서구,남부민 3파출소∼ 송도실업고간( LG150288063 ),,부산광역시 서구 남부민동 443-2,35.083948,129.019739,03,Y,해당없음, ,N,N,N,N,Y,Y,,,,,부산광역시 서구청,051-240-4672,2020-10-22,3260000,부산광역시 서구
3132,1,부산광역시,서구,송도실업고∼ 송도해수욕장 입구( LG150289499 ),,부산광역시 서구 암남동 672-7,35.080846,129.020467,03,Y,해당없음, ,N,N,Y,N,Y,Y,,,,,부산광역시 서구청,051-240-4672,2020-10-22,3260000,부산광역시 서구
3133,1,부산광역시,서구,송도윗길입구 ~ 대양약국간(PS141102968),부산광역시 서구 천마로 215-1,부산 서구 충무동2가 17-1,35.094704,129.022097,03,Y,해당없음, ,N,N,Y,N,Y,Y,,,,,부산광역시 서구청,051-240-4672,2020-10-22,3260000,부산광역시 서구
3134,1,부산광역시,서구,아미대티간산복도로( 0193417 ),,부산광역시 서구 서대신동2가 509-137,35.107728,129.012011,03,Y,해당없음, ,N,N,Y,N,Y,Y,,,,,부산광역시 서구청,051-240-4672,2020-10-22,3260000,부산광역시 서구
3135,1,부산광역시,서구,송도해수욕장진입로( TH141179932 ),,부산광역시 서구 암남동 334-10,35.077657,129.016153,03,Y,해당없음, ,N,N,Y,N,Y,Y,,,,,부산광역시 서구청,051-240-4672,2020-10-22,3260000,부산광역시 서구
3136,1,부산광역시,서구,충무로 남항대교 입구(PS141323902),,부산광역시 서구 암남동 95-38,35.080507,129.023315,03,Y,해당없음, ,N,N,Y,N,Y,Y,,,,,부산광역시 서구청,051-240-4672,2020-10-22,3260000,부산광역시 서구
3137,1,부산광역시,서구,충무교차로~충무우체국(LG140808352),,부산광역시 서구 충무동1가 43-1,35.095164,129.024359,03,Y,해당없음, ,N,N,Y,N,Y,Y,,,,,부산광역시 서구청,051-240-4672,2020-10-22,3260000,부산광역시 서구
3138,1,부산광역시,서구,충무로 대림비치아파트 앞,,부산광역시 서구 남부민동 523-64,35.082483,129.024935,03,Y,해당없음, ,N,N,Y,N,Y,Y,,,,,부산광역시 서구청,051-240-4672,2020-10-22,3260000,부산광역시 서구
3139,1,부산광역시,서구,충무로 해수랜드 앞,,부산광역시 서구 남부민동 523-77,35.082583,129.024956,03,Y,해당없음, ,N,N,Y,N,Y,Y,,,,,부산광역시 서구청,051-240-4672,2020-10-22,3260000,부산광역시 서구
3140,1,부산광역시,서구,송도 봄여름가을겨울아파트,,부산광역시 서구 암남동 679-17,35.078358,129.019241,03,Y,해당없음, ,N,N,Y,N,Y,Y,,,,,부산광역시 서구청,051-240-4672,2020-10-22,3260000,부산광역시 서구
3141,1,부산광역시,서구,송도해수욕장 진입로2차,,부산광역시 서구 암남동 313-2,35.078048,129.016178,03,Y,해당없음, ,N,N,Y,N,Y,Y,,,,,부산광역시 서구청,051-240-4672,2020-10-22,3260000,부산광역시 서구
3142,1,부산광역시,서구,송도교차로,,부산광역시 서구 암남동 219-6,35.078546,129.018516,03,Y,해당없음, ,N,N,Y,N,Y,Y,,,,,부산광역시 서구청,051-240-4672,2020-10-22,3260000,부산광역시 서구
3143,1,부산광역시,서구,동대1가흑교삼성전자( 6 7 3 2 5 6 7 ),부산광역시 서구 보수대로 135,부산 서구 동대신동1가 330-4,35.107788,129.022156,03,Y,해당없음, ,N,N,Y,N,Y,Y,,,,,부산광역시 서구청,051-240-4672,2020-10-22,3260000,부산광역시 서구
3144,1,부산광역시,서구,감천항배면도로(웅도)( SC141629248 ),,부산광역시 서구 암남동 633-14,35.071334,129.007653,03,Y,해당없음, ,N,N,Y,N,Y,Y,,,,,부산광역시 서구청,051-240-4672,2020-10-22,3260000,부산광역시 서구
3145,1,부산광역시,서구,감천항배면도로(동양시멘트)( SC141629296 ),,부산광역시 서구 암남동 633-2,35.071712,129.007395,03,Y,해당없음, ,N,N,Y,N,Y,Y,,,,,부산광역시 서구청,051-240-4672,2020-10-22,3260000,부산광역시 서구
3146,1,부산광역시,서구,감천항배면도로(동양시멘트)( 1063497 ),,부산광역시 서구 암남동 645-13,35.074493,129.005938,03,Y,해당없음, ,N,N,Y,N,Y,Y,,,,,부산광역시 서구청,051-240-4672,2020-10-22,3260000,부산광역시 서구
3147,1,부산광역시,서구,감천항배면도로(동원산업)( SC141629305 ),,부산광역시 서구 암남동 710,35.077358,129.005645,03,Y,해당없음, ,N,N,Y,N,Y,Y,,,,,부산광역시 서구청,051-240-4672,2020-10-22,3260000,부산광역시 서구
3148,1,부산광역시,서구,원양어업집산도로( LG141145987 ),,부산광역시 서구 암남동 산 100-2,35.067157,129.010445,03,Y,해당없음, ,N,N,Y,N,Y,Y,,,,,부산광역시 서구청,051-240-4672,2020-10-22,3260000,부산광역시 서구
3149,1,부산광역시,서구,원양어업집산도로참손푸드 앞(  LG141145985 ),,부산광역시 서구 암남동 625-31,35.066879,129.010337,03,Y,해당없음, ,N,N,Y,N,Y,Y,,,,,부산광역시 서구청,051-240-4672,2020-10-22,3260000,부산광역시 서구
3150,1,부산광역시,서구,원양어업집산도로(  LG141146078 ),,부산광역시 서구 암남동 719,35.062222,129.011559,03,Y,해당없음, ,N,N,Y,N,Y,Y,,,,,부산광역시 서구청,051-240-4672,2020-10-22,3260000,부산광역시 서구
3151,1,부산광역시,서구,국제수산물도매시장해안측( 1501568),,부산광역시 서구 암남동 761,35.059955,129.011165,03,Y,해당없음, ,N,N,Y,N,Y,Y,,,,,부산광역시 서구청,051-240-4672,2020-10-22,3260000,부산광역시 서구
3152,1,부산광역시,서구,국제수산물도매시장암남공원 측( 1031817),,부산광역시 서구 암남동 761-2,35.060184,129.011349,03,Y,해당없음, ,N,N,Y,N,Y,Y,,,,,부산광역시 서구청,051-240-4672,2020-10-22,3260000,부산광역시 서구
3153,1,부산광역시,서구,원양로142,,부산광역시 서구 암남동 728-12,35.065567,129.013208,03,Y,해당없음, ,N,N,Y,N,Y,Y,,,,,부산광역시 서구청,051-240-4672,2020-10-22,3260000,부산광역시 서구
3154,1,부산광역시,서구,원양로295 맞은편,,부산광역시 서구 암남동 669-5,35.077387,129.005948,03,Y,해당없음, ,N,N,Y,N,Y,Y,,,,,부산광역시 서구청,051-240-4672,2020-10-22,3260000,부산광역시 서구
3155,1,부산광역시,서구,아미치안센타~까치사이길 입구,,부산광역시 서구 아미동2가 133-9,35.099949,129.015242,03,Y,해당없음, ,N,N,Y,N,Y,Y,,,,,부산광역시 서구청,051-240-4672,2020-10-22,3260000,부산광역시 서구
3156,1,부산광역시,서구,토성상가∼ 국민은행간( 1233883 ),부산광역시 서구 까치고개로 237,부산 서구 토성동2가 22-7,35.099777,129.021833,03,Y,해당없음, ,N,N,Y,N,Y,Y,,,,,부산광역시 서구청,051-240-4672,2020-10-22,3260000,부산광역시 서구
3157,1,부산광역시,서구,대학병원∼ 까치고개 진입로( 1190641 ),,부산광역시 서구 아미동2가 50-1,35.099972,129.017918,03,Y,해당없음, ,N,N,Y,N,Y,Y,,,,,부산광역시 서구청,051-240-4672,2020-10-22,3260000,부산광역시 서구
3158,1,부산광역시,서구,까치사이길 입구∼ 까치고개87번종점간( LG150288585 ),부산광역시 서구 까치고개로 125-1,부산 서구 아미동2가 236-84,35.102067,129.011081,03,Y,해당없음, ,N,N,Y,N,Y,Y,,,,,부산광역시 서구청,051-240-4672,2020-10-22,3260000,부산광역시 서구
3159,1,부산광역시,서구,아미전원빌라∼ 사하경계간( 4057711 ),,부산광역시 서구 아미동2가 261-127,35.104396,129.011226,03,Y,해당없음, ,N,N,Y,N,Y,Y,,,,,부산광역시 서구청,051-240-4672,2020-10-22,3260000,부산광역시 서구
3160,1,부산광역시,서구,행복마을 도로,,부산광역시 서구 아미동2가 237-213,35.100896,129.010379,03,Y,해당없음, ,N,N,Y,N,Y,Y,,,,,부산광역시 서구청,051-240-4672,2020-10-22,3260000,부산광역시 서구
3161,1,부산광역시,서구,부산대학병원 건너편,부산광역시 서구 까치고개로 212-1,부산 서구 아미동1가 18-4,35.099706,129.019043,03,Y,해당없음, ,N,N,Y,N,Y,Y,,,,,부산광역시 서구청,051-240-4672,2020-10-22,3260000,부산광역시 서구
3162,1,부산광역시,서구,"대티고개 동아맨션∼ 서구,사하경계지점( 1068293 )",,부산광역시 서구 서대신동2가 470-2,35.108661,129.009059,03,Y,해당없음, ,N,N,Y,N,Y,Y,,,,,부산광역시 서구청,051-240-4672,2020-10-22,3260000,부산광역시 서구
3163,1,부산광역시,서구,협성르네상스 ∼ 자유아파트간( 6698688 ),,부산광역시 서구 서대신동3가 694-1,35.112277,129.010547,03,Y,해당없음, ,N,N,Y,N,Y,Y,,,,,부산광역시 서구청,051-240-4672,2020-10-22,3260000,부산광역시 서구
3164,1,부산광역시,서구,부산터널입구(2번배전함 맞은편)( PS140402291 ),,부산광역시 서구 동대신동2가 155-3,35.111998,129.023011,03,Y,해당없음, ,N,N,Y,N,Y,Y,,,,,부산광역시 서구청,051-240-4672,2020-10-22,3260000,부산광역시 서구
3165,1,부산광역시,서구,동대사거리 조명탑,,부산광역시 서구 동대신동1가 75-4,35.111313,129.022116,03,Y,해당없음, ,N,N,Y,N,Y,Y,,,,,부산광역시 서구청,051-240-4672,2020-10-22,3260000,부산광역시 서구
3166,1,부산광역시,서구,대영로타리∼보수복개도로(LG140649137),,부산광역시 서구 부용동1가 1-2,35.107368,129.022174,03,Y,해당없음, ,N,N,Y,N,Y,Y,,,,,부산광역시 서구청,051-240-4672,2020-10-22,3260000,부산광역시 서구
3167,1,부산광역시,서구,대영로타리∼ 서여고간(6432355),,부산광역시 서구 동대신동2가 242-2,35.112894,129.020797,03,Y,해당없음, ,N,N,Y,N,Y,Y,,,,,부산광역시 서구청,051-240-4672,2020-10-22,3260000,부산광역시 서구
3168,1,부산광역시,서구,구덕운동장∼ 구덕터널간( 0125292 ),,부산광역시 서구 동대신동3가 13-34,35.118127625,129.015799772,03,Y,해당없음, ,N,N,Y,N,Y,Y,,,,,부산광역시 서구청,051-240-4672,2020-10-22,3260000,부산광역시 서구
3169,1,부산광역시,서구,서여고∼ 운동장입구( 6431826 ),,부산광역시 서구 동대신동3가 295,35.114844,129.018969,03,Y,해당없음, ,N,N,Y,N,Y,Y,,,,,부산광역시 서구청,051-240-4672,2020-10-22,3260000,부산광역시 서구
3170,1,부산광역시,서구,대신중학∼ 구덕터널 입구( LG150288672 ),,부산광역시 서구 서대신동3가 44-9,35.119621,129.012319,03,Y,해당없음, ,N,N,Y,N,Y,Y,,,,,부산광역시 서구청,051-240-4672,2020-10-22,3260000,부산광역시 서구
3171,1,부산광역시,서구,보수로 구청 앞 ( TH141166975 ),,부산광역시 서구 충무동1가 43-1,35.097681,129.025253,03,Y,해당없음, ,N,N,Y,N,Y,Y,,,,,부산광역시 서구청,051-240-4672,2020-10-22,3260000,부산광역시 서구
3172,1,부산광역시,서구,영락교회∼ 토성상가간(LG141351226),,부산광역시 서구 토성동1가 57,35.101148,129.022388,03,Y,해당없음, ,N,N,Y,N,Y,Y,,,,,부산광역시 서구청,051-240-4672,2020-10-22,3260000,부산광역시 서구
3173,1,부산광역시,서구,부산터널입구∼ 흑교로간( LG141203439 ),,부산광역시 서구 동대신동1가 289-1,35.109669,129.022729,03,Y,해당없음, ,N,N,Y,N,Y,Y,,,,,부산광역시 서구청,051-240-4672,2020-10-22,3260000,부산광역시 서구
3174,1,부산광역시,서구,구덕운동장 입구,,부산광역시 서구 동대신동3가 222-5,35.116401,129.017501,03,Y,해당없음, ,N,N,Y,N,Y,Y,,,,,부산광역시 서구청,051-240-4672,2020-10-22,3260000,부산광역시 서구
3175,1,부산광역시,서구,서여고 정문 앞( KH140537931  ),,부산광역시 서구 동대신동2가 57-5,35.112921,129.021214,03,Y,해당없음, ,N,N,Y,N,Y,Y,,,,,부산광역시 서구청,051-240-4672,2020-10-22,3260000,부산광역시 서구
3176,1,부산광역시,서구,구덕초교 앞( LG141124230 ),,부산광역시 서구 서대신동3가 706-1,35.120117,129.011945,03,Y,해당없음, ,N,N,Y,N,Y,Y,,,,,부산광역시 서구청,051-240-4672,2020-10-22,3260000,부산광역시 서구
3177,1,부산광역시,서구,17번 배전함 맞은편(  LG141405218 ),,부산광역시 서구 동대신동3가 389,35.114498,129.019061,03,Y,해당없음, ,N,N,Y,N,Y,Y,,,,,부산광역시 서구청,051-240-4672,2020-10-22,3260000,부산광역시 서구
3178,1,부산광역시,서구,동대신사거리 ~ 흑교사거리,,부산광역시 서구 동대신동1가 88-1,35.109841,129.022368,03,Y,해당없음, ,N,N,Y,N,Y,Y,,,,,부산광역시 서구청,051-240-4672,2020-10-22,3260000,부산광역시 서구
3179,1,부산광역시,서구,부산여중,,부산광역시 서구 서대신동3가 755,35.118594,129.015011,03,Y,해당없음, ,N,N,Y,N,Y,Y,,,,,부산광역시 서구청,051-240-4672,2020-10-22,3260000,부산광역시 서구
3180,1,부산광역시,서구,무진장숫불갈비-제일종합정비(부민캠퍼스 2차),,부산광역시 서구 부민동1가 39,35.104701,129.021289,03,Y,해당없음, ,N,N,Y,N,Y,Y,,,,,부산광역시 서구청,051-240-4672,2020-10-22,3260000,부산광역시 서구
3181,1,부산광역시,서구,구덕터널앞 ~ 구덕운동장 앞(중앙화단),,부산광역시 서구 서대신동3가 78-24,35.118595,129.014165,03,Y,해당없음, ,N,N,Y,N,Y,Y,,,,,부산광역시 서구청,051-240-4672,2020-10-22,3260000,부산광역시 서구
3182,1,부산광역시,서구,구덕터널 앞(조명탑),,부산광역시 서구서대신동3가 21,35.120645,129.011408,03,Y,해당없음, ,N,N,Y,N,Y,Y,,,,,부산광역시 서구청,051-240-4672,2020-10-22,3260000,부산광역시 서구
3183,1,부산광역시,서구,충무쇼핑∼ 대진타워맨션간( 385742 ),,부산광역시 서구 남부민동 695,35.090691,129.024045,03,Y,해당없음, ,N,N,Y,N,Y,Y,,,,,부산광역시 서구청,051-240-4672,2020-10-22,3260000,부산광역시 서구
3184,1,부산광역시,서구,공동어시장∼ 해원냉장앞( PS140536260 ),,부산광역시 서구 남부민동 695,35.086278,129.024773,03,Y,해당없음, ,N,N,Y,N,Y,Y,,,,,부산광역시 서구청,051-240-4672,2020-10-22,3260000,부산광역시 서구
3185,1,부산광역시,서구,대진타워맨션∼ 대림아파트간( 1 5 2 2 2 3 6 ),,부산광역시 서구 남부민동 681,35.085064,129.024665,03,Y,해당없음, ,N,N,Y,N,Y,Y,,,,,부산광역시 서구청,051-240-4672,2020-10-22,3260000,부산광역시 서구
3186,1,부산광역시,서구,대림아파트∼ 재활용센터간( LG141203438 ),,부산광역시 서구 암남동 95-44,35.081219,129.024626,03,Y,해당없음, ,N,N,Y,N,Y,Y,,,,,부산광역시 서구청,051-240-4672,2020-10-22,3260000,부산광역시 서구
3187,1,부산광역시,서구,충무로타리∼ 충무쇼핑간( 1080785 ),,부산광역시 서구 충무동1가 26-18,35.095535,129.024197,03,Y,해당없음, ,N,N,Y,N,Y,Y,,,,,부산광역시 서구청,051-240-4672,2020-10-22,3260000,부산광역시 서구
3188,1,부산광역시,서구,충무동로타리∼ 공동어시장( LG150289499 ),,부산광역시 서구 남부민동 695,35.087185,129.024671,03,Y,해당없음, ,N,N,Y,N,Y,Y,,,,,부산광역시 서구청,051-240-4672,2020-10-22,3260000,부산광역시 서구
3189,1,부산광역시,서구,대림비치아파트∼ 암남동사간( TH141167719 ),,부산광역시 서구 암남동 111-5,35.080637,129.022847,03,Y,해당없음, ,N,N,Y,N,Y,Y,,,,,부산광역시 서구청,051-240-4672,2020-10-22,3260000,부산광역시 서구
3190,1,부산광역시,서구,암남동사∼ 라이트하우스간( 1178642 ),,부산광역시 서구 암남동 676-2,35.079917,129.021638,03,Y,해당없음, ,N,N,Y,N,Y,Y,,,,,부산광역시 서구청,051-240-4672,2020-10-22,3260000,부산광역시 서구
3191,1,부산광역시,서구,송도곡각지∼ 송도파출소간( 1 5 0 9 5 4 8 ),,부산광역시 서구 암남동 180-4,35.078904,129.020571,03,Y,해당없음, ,N,N,Y,N,Y,Y,,,,,부산광역시 서구청,051-240-4672,2020-10-22,3260000,부산광역시 서구
3192,1,부산광역시,서구,고신대 정문 앞( 193738 ),,부산광역시 서구 암남동 34-2,35.081678,129.014171,03,Y,해당없음, ,N,N,Y,N,Y,Y,,,,,부산광역시 서구청,051-240-4672,2020-10-22,3260000,부산광역시 서구
3193,1,부산광역시,서구,암남동 소년의집앞( 1 0 4 5 0 1 9 ),,부산광역시 서구 암남동 8-9,35.082038,129.013063,03,Y,해당없음, ,N,N,Y,N,Y,Y,,,,,부산광역시 서구청,051-240-4672,2020-10-22,3260000,부산광역시 서구
3194,1,부산광역시,서구,동양강철∼ 동대로타리간(KH140471463),,부산광역시 서구 동대신동1가 144-1,35.109183,129.018706,03,Y,해당없음, ,N,N,Y,N,Y,Y,,,,,부산광역시 서구청,051-240-4672,2020-10-22,3260000,부산광역시 서구
3195,1,부산광역시,서구,동대로타리∼ 베드로산부인과간( 766952 ),,부산광역시 서구 동대신동2가 375-1,35.111164,129.017454,03,Y,해당없음, ,N,N,Y,N,Y,Y,,,,,부산광역시 서구청,051-240-4672,2020-10-22,3260000,부산광역시 서구
3196,1,부산광역시,서구,베드로산부인과∼ 구덕운동장간( 6412720 ),,부산광역시 서구 동대신동3가 351-1,35.113498963,129.01613812,03,Y,해당없음, ,N,N,Y,N,Y,Y,,,,,부산광역시 서구청,051-240-4672,2020-10-22,3260000,부산광역시 서구
3197,1,부산광역시,서구,구덕주유소∼ 부용로타리간( LG150288572 ),,부산광역시 서구 서대신동1가 53,35.109154,129.018305,03,Y,해당없음, ,N,N,Y,N,Y,Y,,,,,부산광역시 서구청,051-240-4672,2020-10-22,3260000,부산광역시 서구
3198,1,부산광역시,서구,부일이동통신∼ 동대로타리간( KH140412395 ),,부산광역시 서구 서대신동2가 64-1,35.110748,129.017331,03,Y,해당없음, ,N,N,Y,N,Y,Y,,,,,부산광역시 서구청,051-240-4672,2020-10-22,3260000,부산광역시 서구
3199,1,부산광역시,서구,농협∼ 서대신우체국간( 135581 ),부산광역시 서구 구덕로 325,부산 서구 서대신동3가 389-1,35.112904,129.016115,03,Y,해당없음, ,N,N,Y,N,Y,Y,,,,,부산광역시 서구청,051-240-4672,2020-10-22,3260000,부산광역시 서구
3200,1,부산광역시,서구,부민초등학교∼ 법원간( 0 3 7 6 9 1 7 ),,부산광역시 서구 부용동1가 71,35.105316,129.019964,03,Y,해당없음, ,N,N,Y,N,Y,Y,,,,,부산광역시 서구청,051-240-4672,2020-10-22,3260000,부산광역시 서구
3201,1,부산광역시,서구,영락교회앞( 3 0 4 7 1 2 9 ),,부산광역시 서구 부민동1가 39,35.102514,129.020101,03,Y,해당없음, ,N,N,Y,N,Y,Y,,,,,부산광역시 서구청,051-240-4672,2020-10-22,3260000,부산광역시 서구
3202,1,부산광역시,서구,부민파출소∼ 아미전화국간( 3 0 4 7 2 5 4 ),부산광역시 서구 구덕로 199,부산 서구 부민동2가 12-1,35.102463,129.019788,03,Y,해당없음, ,N,N,Y,N,Y,Y,,,,,부산광역시 서구청,051-240-4672,2020-10-22,3260000,부산광역시 서구
3203,1,부산광역시,서구,동아대 부민캠퍼스 맞은편( 3 0 4 7 1 4 3 ),,부산광역시 서구 부용동1가 69-17,35.105658,129.020279,03,Y,해당없음, ,N,N,Y,N,Y,Y,,,,,부산광역시 서구청,051-240-4672,2020-10-22,3260000,부산광역시 서구
3204,1,부산광역시,서구,토성중학∼ 전신전화국앞( 1305111 ),,부산광역시 서구 토성동3가 11-3,35.101017,129.019934,03,Y,해당없음, ,N,N,Y,N,Y,Y,,,,,부산광역시 서구청,051-240-4672,2020-10-22,3260000,부산광역시 서구
3205,1,부산광역시,서구,송도윗길입구∼ 토성동국민은행간( 406610 ),,부산광역시 서구 토성동5가 59-1,35.098118,129.020759,03,Y,해당없음, ,N,N,Y,N,Y,Y,,,,,부산광역시 서구청,051-240-4672,2020-10-22,3260000,부산광역시 서구
3206,1,부산광역시,서구,아미전화국∼ 대학병원간( 8 4 7 3 8 7 3 ),,부산광역시 서구 아미동1가 34,35.101047,129.019666,03,Y,해당없음, ,N,N,Y,N,Y,Y,,,,,부산광역시 서구청,051-240-4672,2020-10-22,3260000,부산광역시 서구
3207,1,부산광역시,서구,부산대학병원 사거리∼ 송도윗길입구( 1070408 ),부산광역시 서구 구덕로 147,부산 서구 초장동 54-3,35.097973,129.020444,03,Y,해당없음, ,N,N,Y,N,Y,Y,,,,,부산광역시 서구청,051-240-4672,2020-10-22,3260000,부산광역시 서구
3208,1,부산광역시,서구,충무동로타리 입구( 4347132 ),,부산광역시 서구 충무동1가 43-1,35.097097,129.025947,03,Y,해당없음, ,N,N,Y,N,Y,Y,,,,,부산광역시 서구청,051-240-4672,2020-10-22,3260000,부산광역시 서구
3209,1,부산광역시,서구,충무동ABC볼링센터간( 372878 ),,부산광역시 서구 충무동1가 9-32,35.096623,129.023795,03,Y,해당없음, ,N,N,Y,N,Y,Y,,,,,부산광역시 서구청,051-240-4672,2020-10-22,3260000,부산광역시 서구
3210,1,부산광역시,서구,부민초교앞,,부산광역시 서구 부용동2가 100,35.106515,129.020037,03,Y,해당없음, ,N,N,Y,N,Y,Y,,,,,부산광역시 서구청,051-240-4672,2020-10-22,3260000,부산광역시 서구
3211,1,부산광역시,서구,부민초등학교 건너편( 141389386  ),,부산광역시 서구 부용동1가 62-6,35.106165,129.020335,03,Y,해당없음, ,N,N,Y,N,Y,Y,,,,,부산광역시 서구청,051-240-4672,2020-10-22,3260000,부산광역시 서구
3212,1,부산광역시,서구,동대신교차로 주변,,부산광역시 서구 서대신동1가 53,35.109799,129.017822,03,Y,해당없음, ,N,N,Y,N,Y,Y,,,,,부산광역시 서구청,051-240-4672,2020-10-22,3260000,부산광역시 서구
3213,1,부산광역시,서구,자갈치교차로조명탑,,부산광역시 서구 충무동1가 43-1,35.094985,129.025414,03,Y,해당없음, ,N,N,Y,N,Y,Y,,,,,부산광역시 서구청,051-240-4672,2020-10-22,3260000,부산광역시 서구
3214,1,부산광역시,서구,서대로타리∼ 대티터널간( 6702992 ),,부산광역시 서구 서대신동2가 281-1,35.110658,129.011834,03,Y,해당없음, ,N,N,Y,N,Y,Y,,,,,부산광역시 서구청,051-240-4672,2020-10-22,3260000,부산광역시 서구
3215,1,부산광역시,서구,서대로타리∼ 대티터널간( 6743256 ),부산광역시 서구 낙동대로 2,부산 서구 서대신동2가 340-1,35.111243,129.011942,03,Y,해당없음, ,N,N,Y,N,Y,Y,,,,,부산광역시 서구청,051-240-4672,2020-10-22,3260000,부산광역시 서구
3216,1,부산광역시,서구,대영로타리∼ 부산터널간(TH151127844),,부산광역시 서구 동대신동1가 49,35.111572,129.022669,03,Y,해당없음, ,N,N,Y,N,Y,Y,,,,,부산광역시 서구청,051-240-4672,2020-10-22,3260000,부산광역시 서구
3217,1,부산광역시,서구,대영고가로,,부산광역시 서구 동대신동2가 236,35.112586,129.020925,03,Y,해당없음, ,N,N,Y,N,Y,Y,,,,,부산광역시 서구청,051-240-4672,2020-10-22,3260000,부산광역시 서구
3218,1,부산광역시,서구,삼익아파트 진입로∼ 부산은행간(0987822),,부산광역시 서구 동대신동2가 411-18,35.110784,129.019508,03,Y,해당없음, ,N,N,Y,N,Y,Y,,,,,부산광역시 서구청,051-240-4672,2020-10-22,3260000,부산광역시 서구
3219,1,부산광역시,서구,서대로타리∼ (구)서구청간( 0376910 ),부산광역시 서구 대영로 28-1,부산 서구 서대신동1가 163-9,35.109512,129.014727,03,Y,해당없음, ,N,N,Y,N,Y,Y,,,,,부산광역시 서구청,051-240-4672,2020-10-22,3260000,부산광역시 서구
3220,1,부산광역시,서구,동대로타리∼ 서대로타리간( 9 0 2 7 6 0 6 ),부산광역시 서구 부용로 1,부산 서구 서대신동1가 60-13,35.109227,129.015826,03,Y,해당없음, ,N,N,Y,N,Y,Y,,,,,부산광역시 서구청,051-240-4672,2020-10-22,3260000,부산광역시 서구
